﻿<?xml version="1.0" encoding="utf-8"?>
<abapGit version="v1.0.0" serializer="LCL_OBJECT_TABL" serializer_version="v1.0.0">
 <asx:abap xmlns:asx="http://www.sap.com/abapxml" version="1.0">
  <asx:values>
   <DD02V>
    <TABNAME>/DMO/D_TRAVEL_D</TABNAME>
    <DDLANGUAGE>E</DDLANGUAGE>
    <TABCLASS>TRANSP</TABCLASS>
    <CLIDEP>X</CLIDEP>
    <LANGDEP>X</LANGDEP>
    <DDTEXT>Draft table for entity /DMO/I_TRAVEL_D</DDTEXT>
    <MASTERLANG>E</MASTERLANG>
    <CONTFLAG>A</CONTFLAG>
    <EXCLASS>4</EXCLASS>
   </DD02V>
   <DD09L>
    <TABNAME>/DMO/D_TRAVEL_D</TABNAME>
    <AS4LOCAL>A</AS4LOCAL>
    <TABKAT>4</TABKAT>
    <TABART>APPL1</TABART>
    <BUFALLOW>N</BUFALLOW>
   </DD09L>
   <DD03P_TABLE>
    <DD03P>
     <TABNAME>/DMO/D_TRAVEL_D</TABNAME>
     <FIELDNAME>MANDT</FIELDNAME>
     <POSITION>0001</POSITION>
     <KEYFLAG>X</KEYFLAG>
     <ROLLNAME>MANDT</ROLLNAME>
     <ADMINFIELD>0</ADMINFIELD>
     <NOTNULL>X</NOTNULL>
     <COMPTYPE>E</COMPTYPE>
    </DD03P>
    <DD03P>
     <TABNAME>/DMO/D_TRAVEL_D</TABNAME>
     <FIELDNAME>TRAVELUUID</FIELDNAME>
     <POSITION>0002</POSITION>
     <KEYFLAG>X</KEYFLAG>
     <ROLLNAME>SYSUUID_X16</ROLLNAME>
     <ADMINFIELD>0</ADMINFIELD>
     <NOTNULL>X</NOTNULL>
     <COMPTYPE>E</COMPTYPE>
    </DD03P>
    <DD03P>
     <TABNAME>/DMO/D_TRAVEL_D</TABNAME>
     <FIELDNAME>TRAVELID</FIELDNAME>
     <POSITION>0003</POSITION>
     <ROLLNAME>/DMO/TRAVEL_ID</ROLLNAME>
     <ADMINFIELD>0</ADMINFIELD>
     <COMPTYPE>E</COMPTYPE>
    </DD03P>
    <DD03P>
     <TABNAME>/DMO/D_TRAVEL_D</TABNAME>
     <FIELDNAME>AGENCYID</FIELDNAME>
     <POSITION>0004</POSITION>
     <ROLLNAME>/DMO/AGENCY_ID</ROLLNAME>
     <ADMINFIELD>0</ADMINFIELD>
     <COMPTYPE>E</COMPTYPE>
    </DD03P>
    <DD03P>
     <TABNAME>/DMO/D_TRAVEL_D</TABNAME>
     <FIELDNAME>CUSTOMERID</FIELDNAME>
     <POSITION>0005</POSITION>
     <ROLLNAME>/DMO/CUSTOMER_ID</ROLLNAME>
     <ADMINFIELD>0</ADMINFIELD>
     <COMPTYPE>E</COMPTYPE>
    </DD03P>
    <DD03P>
     <TABNAME>/DMO/D_TRAVEL_D</TABNAME>
     <FIELDNAME>BEGINDATE</FIELDNAME>
     <POSITION>0006</POSITION>
     <ROLLNAME>/DMO/BEGIN_DATE</ROLLNAME>
     <ADMINFIELD>0</ADMINFIELD>
     <SHLPORIGIN>T</SHLPORIGIN>
     <COMPTYPE>E</COMPTYPE>
    </DD03P>
    <DD03P>
     <TABNAME>/DMO/D_TRAVEL_D</TABNAME>
     <FIELDNAME>ENDDATE</FIELDNAME>
     <POSITION>0007</POSITION>
     <ROLLNAME>/DMO/END_DATE</ROLLNAME>
     <ADMINFIELD>0</ADMINFIELD>
     <SHLPORIGIN>T</SHLPORIGIN>
     <COMPTYPE>E</COMPTYPE>
    </DD03P>
    <DD03P>
     <TABNAME>/DMO/D_TRAVEL_D</TABNAME>
     <FIELDNAME>BOOKINGFEE</FIELDNAME>
     <POSITION>0008</POSITION>
     <ROLLNAME>/DMO/BOOKING_FEE</ROLLNAME>
     <ADMINFIELD>0</ADMINFIELD>
     <REFTABLE>/DMO/D_TRAVEL_D</REFTABLE>
     <REFFIELD>CURRENCYCODE</REFFIELD>
     <COMPTYPE>E</COMPTYPE>
    </DD03P>
    <DD03P>
     <TABNAME>/DMO/D_TRAVEL_D</TABNAME>
     <FIELDNAME>TOTALPRICE</FIELDNAME>
     <POSITION>0009</POSITION>
     <ROLLNAME>/DMO/TOTAL_PRICE</ROLLNAME>
     <ADMINFIELD>0</ADMINFIELD>
     <REFTABLE>/DMO/D_TRAVEL_D</REFTABLE>
     <REFFIELD>CURRENCYCODE</REFFIELD>
     <COMPTYPE>E</COMPTYPE>
    </DD03P>
    <DD03P>
     <TABNAME>/DMO/D_TRAVEL_D</TABNAME>
     <FIELDNAME>CURRENCYCODE</FIELDNAME>
     <POSITION>0010</POSITION>
     <ROLLNAME>/DMO/CURRENCY_CODE</ROLLNAME>
     <ADMINFIELD>0</ADMINFIELD>
     <COMPTYPE>E</COMPTYPE>
    </DD03P>
    <DD03P>
     <TABNAME>/DMO/D_TRAVEL_D</TABNAME>
     <FIELDNAME>DESCRIPTION</FIELDNAME>
     <POSITION>0011</POSITION>
     <ROLLNAME>/DMO/DESCRIPTION</ROLLNAME>
     <ADMINFIELD>0</ADMINFIELD>
     <COMPTYPE>E</COMPTYPE>
    </DD03P>
    <DD03P>
     <TABNAME>/DMO/D_TRAVEL_D</TABNAME>
     <FIELDNAME>OVERALLSTATUS</FIELDNAME>
     <POSITION>0012</POSITION>
     <ROLLNAME>/DMO/OVERALL_STATUS</ROLLNAME>
     <ADMINFIELD>0</ADMINFIELD>
     <VALEXI>X</VALEXI>
     <SHLPORIGIN>F</SHLPORIGIN>
     <COMPTYPE>E</COMPTYPE>
    </DD03P>
    <DD03P>
     <TABNAME>/DMO/D_TRAVEL_D</TABNAME>
     <FIELDNAME>LOCALCREATEDBY</FIELDNAME>
     <POSITION>0013</POSITION>
     <ROLLNAME>SYUNAME</ROLLNAME>
     <ADMINFIELD>0</ADMINFIELD>
     <COMPTYPE>E</COMPTYPE>
     <ANONYMOUS>X</ANONYMOUS>
    </DD03P>
    <DD03P>
     <TABNAME>/DMO/D_TRAVEL_D</TABNAME>
     <FIELDNAME>LOCALCREATEDAT</FIELDNAME>
     <POSITION>0014</POSITION>
     <ROLLNAME>TIMESTAMPL</ROLLNAME>
     <ADMINFIELD>0</ADMINFIELD>
     <COMPTYPE>E</COMPTYPE>
    </DD03P>
    <DD03P>
     <TABNAME>/DMO/D_TRAVEL_D</TABNAME>
     <FIELDNAME>LOCALLASTCHANGEDBY</FIELDNAME>
     <POSITION>0015</POSITION>
     <ROLLNAME>SYUNAME</ROLLNAME>
     <ADMINFIELD>0</ADMINFIELD>
     <COMPTYPE>E</COMPTYPE>
     <ANONYMOUS>X</ANONYMOUS>
    </DD03P>
    <DD03P>
     <TABNAME>/DMO/D_TRAVEL_D</TABNAME>
     <FIELDNAME>LOCALLASTCHANGEDAT</FIELDNAME>
     <POSITION>0016</POSITION>
     <ROLLNAME>TIMESTAMPL</ROLLNAME>
     <ADMINFIELD>0</ADMINFIELD>
     <COMPTYPE>E</COMPTYPE>
    </DD03P>
    <DD03P>
     <TABNAME>/DMO/D_TRAVEL_D</TABNAME>
     <FIELDNAME>LASTCHANGEDAT</FIELDNAME>
     <POSITION>0017</POSITION>
     <ROLLNAME>TIMESTAMPL</ROLLNAME>
     <ADMINFIELD>0</ADMINFIELD>
     <COMPTYPE>E</COMPTYPE>
    </DD03P>
    <DD03P>
     <TABNAME>/DMO/D_TRAVEL_D</TABNAME>
     <FIELDNAME>.INCLUDE</FIELDNAME>
     <DDLANGUAGE>E</DDLANGUAGE>
     <POSITION>0018</POSITION>
     <ADMINFIELD>0</ADMINFIELD>
     <PRECFIELD>SYCH_BDL_DRAFT_ADMIN_INC</PRECFIELD>
     <MASK>      S</MASK>
     <DDTEXT>Standard Include for Draft Administration (BDL Syntax Check)</DDTEXT>
     <COMPTYPE>S</COMPTYPE>
     <GROUPNAME>%ADMIN</GROUPNAME>
    </DD03P>
   </DD03P_TABLE>
  </asx:values>
 </asx:abap>
</abapGit>
