﻿<?xml version="1.0" encoding="utf-8"?>
<abapGit version="v1.0.0" serializer="LCL_OBJECT_SRVD" serializer_version="v1.0.0">
 <asx:abap xmlns:asx="http://www.sap.com/abapxml" version="1.0">
  <asx:values>
   <SRVD>
    
     <NAME>/DMO/UI_TRAVEL_D_D</NAME>
     <VERSION>active</VERSION>
     <DESCRIPTION>Service Definition Travel Draft Scenario (draft projection)</DESCRIPTION>
     <SOURCE_ORIGIN_DESCRIPTION>ABAP Development Tools</SOURCE_ORIGIN_DESCRIPTION>
     <SRVD_SOURCE_TYPE>S</SRVD_SOURCE_TYPE>
     <SRVD_SOURCE_TYPE_DESC>Service Definition</SRVD_SOURCE_TYPE_DESC>
    
   </SRVD>
  </asx:values>
 </asx:abap>
</abapGit>
