﻿<?xml version="1.0" encoding="utf-8"?>
<abapGit version="v1.0.0" serializer="LCL_OBJECT_SRVD" serializer_version="v1.0.0">
 <asx:abap xmlns:asx="http://www.sap.com/abapxml" version="1.0">
  <asx:values>
   <SRVD>
    <NAME>/DMO/FLIGHT_R</NAME>
    <DESCRIPTION>Service Definition for Managing Flight</DESCRIPTION>
    <MASTER_LANGUAGE>EN</MASTER_LANGUAGE>
    <SOURCE_ORIGIN_DESCRIPTION>ABAP Development Tools</SOURCE_ORIGIN_DESCRIPTION>
    <SRVD_SOURCE_TYPE>S</SRVD_SOURCE_TYPE>
    <SRVD_SOURCE_TYPE_DESC>Service Definition</SRVD_SOURCE_TYPE_DESC>
    <ABAP_LANGUAGE_VERSION>5</ABAP_LANGUAGE_VERSION>
   </SRVD>
  </asx:values>
 </asx:abap>
</abapGit>
