﻿<?xml version="1.0" encoding="utf-8"?>
<abapGit version="v1.0.0" serializer="LCL_OBJECT_DOMA" serializer_version="v1.0.0">
 <asx:abap xmlns:asx="http://www.sap.com/abapxml" version="1.0">
  <asx:values>
   <DD01V>
    <DOMNAME>/DMO/OVERALL_STATUS</DOMNAME>
    <DDLANGUAGE>E</DDLANGUAGE>
    <DATATYPE>CHAR</DATATYPE>
    <LENG>000001</LENG>
    <OUTPUTLEN>000001</OUTPUTLEN>
    <VALEXI>X</VALEXI>
    <DDTEXT>Flight Reference Scenario: Status</DDTEXT>
    <DOMMASTER>E</DOMMASTER>
   </DD01V>
   <DD07V_TAB>
    <DD07V>
     <DOMNAME>/DMO/OVERALL_STATUS</DOMNAME>
     <VALPOS>0001</VALPOS>
     <DDLANGUAGE>E</DDLANGUAGE>
     <DOMVALUE_L>O</DOMVALUE_L>
     <DDTEXT>Open</DDTEXT>
    </DD07V>
    <DD07V>
     <DOMNAME>/DMO/OVERALL_STATUS</DOMNAME>
     <VALPOS>0002</VALPOS>
     <DDLANGUAGE>E</DDLANGUAGE>
     <DOMVALUE_L>A</DOMVALUE_L>
     <DDTEXT>Accepted</DDTEXT>
    </DD07V>
    <DD07V>
     <DOMNAME>/DMO/OVERALL_STATUS</DOMNAME>
     <VALPOS>0003</VALPOS>
     <DDLANGUAGE>E</DDLANGUAGE>
     <DOMVALUE_L>X</DOMVALUE_L>
     <DDTEXT>Canceled</DDTEXT>
    </DD07V>
   </DD07V_TAB>
  </asx:values>
 </asx:abap>
</abapGit>
