﻿<?xml version="1.0" encoding="utf-8"?>
<abapGit version="v1.0.0" serializer="LCL_OBJECT_TABL" serializer_version="v1.0.0">
 <asx:abap xmlns:asx="http://www.sap.com/abapxml" version="1.0">
  <asx:values>
   <DD02V>
    <TABNAME>/DMO/BOOKING_M</TABNAME>
    <DDLANGUAGE>E</DDLANGUAGE>
    <TABCLASS>TRANSP</TABCLASS>
    <CLIDEP>X</CLIDEP>
    <DDTEXT>Flight Reference Scenario: Booking</DDTEXT>
    <MASTERLANG>E</MASTERLANG>
    <CONTFLAG>A</CONTFLAG>
    <EXCLASS>1</EXCLASS>
   </DD02V>
   <DD09L>
    <TABNAME>/DMO/BOOKING_M</TABNAME>
    <AS4LOCAL>A</AS4LOCAL>
    <TABKAT>0</TABKAT>
    <TABART>APPL0</TABART>
    <BUFALLOW>N</BUFALLOW>
   </DD09L>
   <DD03P_TABLE>
    <DD03P>
     <TABNAME>/DMO/BOOKING_M</TABNAME>
     <FIELDNAME>CLIENT</FIELDNAME>
     <DDLANGUAGE>E</DDLANGUAGE>
     <POSITION>0001</POSITION>
     <KEYFLAG>X</KEYFLAG>
     <ADMINFIELD>0</ADMINFIELD>
     <INTTYPE>C</INTTYPE>
     <INTLEN>000006</INTLEN>
     <NOTNULL>X</NOTNULL>
     <DATATYPE>CLNT</DATATYPE>
     <LENG>000003</LENG>
     <MASK>  CLNT</MASK>
    </DD03P>
    <DD03P>
     <TABNAME>/DMO/BOOKING_M</TABNAME>
     <FIELDNAME>TRAVEL_ID</FIELDNAME>
     <POSITION>0002</POSITION>
     <KEYFLAG>X</KEYFLAG>
     <ROLLNAME>/DMO/TRAVEL_ID</ROLLNAME>
     <CHECKTABLE>/DMO/TRAVEL_M</CHECKTABLE>
     <ADMINFIELD>0</ADMINFIELD>
     <NOTNULL>X</NOTNULL>
     <SHLPORIGIN>P</SHLPORIGIN>
     <COMPTYPE>E</COMPTYPE>
    </DD03P>
    <DD03P>
     <TABNAME>/DMO/BOOKING_M</TABNAME>
     <FIELDNAME>BOOKING_ID</FIELDNAME>
     <POSITION>0003</POSITION>
     <KEYFLAG>X</KEYFLAG>
     <ROLLNAME>/DMO/BOOKING_ID</ROLLNAME>
     <ADMINFIELD>0</ADMINFIELD>
     <NOTNULL>X</NOTNULL>
     <COMPTYPE>E</COMPTYPE>
    </DD03P>
    <DD03P>
     <TABNAME>/DMO/BOOKING_M</TABNAME>
     <FIELDNAME>BOOKING_DATE</FIELDNAME>
     <POSITION>0004</POSITION>
     <ROLLNAME>/DMO/BOOKING_DATE</ROLLNAME>
     <ADMINFIELD>0</ADMINFIELD>
     <SHLPORIGIN>T</SHLPORIGIN>
     <COMPTYPE>E</COMPTYPE>
    </DD03P>
    <DD03P>
     <TABNAME>/DMO/BOOKING_M</TABNAME>
     <FIELDNAME>CUSTOMER_ID</FIELDNAME>
     <POSITION>0005</POSITION>
     <ROLLNAME>/DMO/CUSTOMER_ID</ROLLNAME>
     <ADMINFIELD>0</ADMINFIELD>
     <COMPTYPE>E</COMPTYPE>
    </DD03P>
    <DD03P>
     <TABNAME>/DMO/BOOKING_M</TABNAME>
     <FIELDNAME>CARRIER_ID</FIELDNAME>
     <POSITION>0006</POSITION>
     <ROLLNAME>/DMO/CARRIER_ID</ROLLNAME>
     <ADMINFIELD>0</ADMINFIELD>
     <COMPTYPE>E</COMPTYPE>
    </DD03P>
    <DD03P>
     <TABNAME>/DMO/BOOKING_M</TABNAME>
     <FIELDNAME>CONNECTION_ID</FIELDNAME>
     <POSITION>0007</POSITION>
     <ROLLNAME>/DMO/CONNECTION_ID</ROLLNAME>
     <ADMINFIELD>0</ADMINFIELD>
     <COMPTYPE>E</COMPTYPE>
    </DD03P>
    <DD03P>
     <TABNAME>/DMO/BOOKING_M</TABNAME>
     <FIELDNAME>FLIGHT_DATE</FIELDNAME>
     <POSITION>0008</POSITION>
     <ROLLNAME>/DMO/FLIGHT_DATE</ROLLNAME>
     <ADMINFIELD>0</ADMINFIELD>
     <SHLPORIGIN>T</SHLPORIGIN>
     <COMPTYPE>E</COMPTYPE>
    </DD03P>
    <DD03P>
     <TABNAME>/DMO/BOOKING_M</TABNAME>
     <FIELDNAME>FLIGHT_PRICE</FIELDNAME>
     <POSITION>0009</POSITION>
     <ROLLNAME>/DMO/FLIGHT_PRICE</ROLLNAME>
     <ADMINFIELD>0</ADMINFIELD>
     <REFTABLE>/DMO/BOOKING_DATA</REFTABLE>
     <REFFIELD>CURRENCY_CODE</REFFIELD>
     <COMPTYPE>E</COMPTYPE>
    </DD03P>
    <DD03P>
     <TABNAME>/DMO/BOOKING_M</TABNAME>
     <FIELDNAME>CURRENCY_CODE</FIELDNAME>
     <POSITION>0010</POSITION>
     <ROLLNAME>/DMO/CURRENCY_CODE</ROLLNAME>
     <ADMINFIELD>0</ADMINFIELD>
     <COMPTYPE>E</COMPTYPE>
    </DD03P>
    <DD03P>
     <TABNAME>/DMO/BOOKING_M</TABNAME>
     <FIELDNAME>BOOKING_STATUS</FIELDNAME>
     <POSITION>0011</POSITION>
     <ROLLNAME>/DMO/BOOKING_STATUS</ROLLNAME>
     <ADMINFIELD>0</ADMINFIELD>
     <VALEXI>X</VALEXI>
     <SHLPORIGIN>F</SHLPORIGIN>
     <COMPTYPE>E</COMPTYPE>
    </DD03P>
    <DD03P>
     <TABNAME>/DMO/BOOKING_M</TABNAME>
     <FIELDNAME>LAST_CHANGED_AT</FIELDNAME>
     <POSITION>0012</POSITION>
     <ROLLNAME>TIMESTAMPL</ROLLNAME>
     <ADMINFIELD>0</ADMINFIELD>
     <COMPTYPE>E</COMPTYPE>
    </DD03P>
   </DD03P_TABLE>
   <DD05M_TABLE>
    <DD05M>
     <TABNAME>/DMO/BOOKING_M</TABNAME>
     <FIELDNAME>TRAVEL_ID</FIELDNAME>
     <FORTABLE>*</FORTABLE>
     <CHECKTABLE>/DMO/TRAVEL_M</CHECKTABLE>
     <CHECKFIELD>CLIENT</CHECKFIELD>
     <PRIMPOS>0001</PRIMPOS>
     <DATATYPE>CLNT</DATATYPE>
     <LENG>000003</LENG>
    </DD05M>
    <DD05M>
     <TABNAME>/DMO/BOOKING_M</TABNAME>
     <FIELDNAME>TRAVEL_ID</FIELDNAME>
     <FORTABLE>/DMO/BOOKING_M</FORTABLE>
     <FORKEY>TRAVEL_ID</FORKEY>
     <CHECKTABLE>/DMO/TRAVEL_M</CHECKTABLE>
     <CHECKFIELD>TRAVEL_ID</CHECKFIELD>
     <PRIMPOS>0002</PRIMPOS>
     <DOMNAME>/DMO/TRAVEL_ID</DOMNAME>
     <DATATYPE>NUMC</DATATYPE>
     <LENG>000008</LENG>
    </DD05M>
   </DD05M_TABLE>
   <DD08V_TABLE>
    <DD08V>
     <TABNAME>/DMO/BOOKING_M</TABNAME>
     <FIELDNAME>TRAVEL_ID</FIELDNAME>
     <DDLANGUAGE>E</DDLANGUAGE>
     <CHECKTABLE>/DMO/TRAVEL_M</CHECKTABLE>
     <CLASFIELD>*</CLASFIELD>
     <CARD>CN</CARD>
     <CHECKFLAG>X</CHECKFLAG>
     <DDTEXT>Travel</DDTEXT>
     <CARDLEFT>1</CARDLEFT>
    </DD08V>
   </DD08V_TABLE>
  </asx:values>
 </asx:abap>
</abapGit>
