﻿<?xml version="1.0" encoding="utf-8"?>
<abapGit version="v1.0.0" serializer="LCL_OBJECT_SRVB" serializer_version="v1.0.0">
 <asx:abap xmlns:asx="http://www.sap.com/abapxml" version="1.0">
  <asx:values>
   <SRVB>
    <METADATA>
     <NAME>/DMO/API_TRAVEL_U_V2</NAME>
     <VERSION>active</VERSION>
     <DESCRIPTION>Web API for Travel Service</DESCRIPTION>
     <LANGUAGE>EN</LANGUAGE>
     <MASTER_LANGUAGE>EN</MASTER_LANGUAGE>
    </METADATA>
    <CONTENT>
     <BIND_TYPE_IMPL>
      <NAME>/DMO/API_TRAVEL_U_V2</NAME>
     </BIND_TYPE_IMPL>
     <BIND_TYPE>ODATA</BIND_TYPE>
     <BIND_TYPE_CATEGORY>1</BIND_TYPE_CATEGORY>
     <BIND_TYPE_VERSION>V2</BIND_TYPE_VERSION>
     <SERVICES>
      <item>
       <SERVICE_NAME>/DMO/API_TRAVEL_U_V2</SERVICE_NAME>
       <SERVICE_CONTENT>
        <item>
         <SERVICE_VERSION>0001</SERVICE_VERSION>
         <RELEASE_STATE>NOT_RELEASED</RELEASE_STATE>
         <SRVD_REF>
          <URI>/sap/bc/adt/ddic/srvd/sources/%2fdmo%2ftravel_u</URI>
          <TYPE>SRVD/SRV</TYPE>
          <NAME>/DMO/TRAVEL_U</NAME>
         </SRVD_REF>
        </item>
       </SERVICE_CONTENT>
      </item>
     </SERVICES>
    </CONTENT>
   </SRVB>
  </asx:values>
 </asx:abap>
</abapGit>
