﻿<?xml version="1.0" encoding="utf-8"?>
<abapGit version="v1.0.0" serializer="LCL_OBJECT_DTEL" serializer_version="v1.0.0">
 <asx:abap xmlns:asx="http://www.sap.com/abapxml" version="1.0">
  <asx:values>
   <DD04V>
    <ROLLNAME>/DMO/CUSTOMER_ID</ROLLNAME>
    <DDLANGUAGE>E</DDLANGUAGE>
    <DOMNAME>/DMO/CUSTOMER_ID</DOMNAME>
    <HEADLEN>55</HEADLEN>
    <SCRLEN1>10</SCRLEN1>
    <SCRLEN2>20</SCRLEN2>
    <SCRLEN3>40</SCRLEN3>
    <DDTEXT>Flight Reference Scenario: Customer ID</DDTEXT>
    <REPTEXT>Customer ID</REPTEXT>
    <SCRTEXT_S>Cust. ID</SCRTEXT_S>
    <SCRTEXT_M>Customer ID</SCRTEXT_M>
    <SCRTEXT_L>Customer Number</SCRTEXT_L>
    <DTELMASTER>E</DTELMASTER>
    <REFKIND>D</REFKIND>
   </DD04V>
   <I18N_LANGS>
    <LANGU>D</LANGU>
   </I18N_LANGS>
   <DD04_TEXTS>
    <item>
     <DDLANGUAGE>D</DDLANGUAGE>
     <DDTEXT>Flug Referenz Szenario: Kunden ID</DDTEXT>
     <REPTEXT>Kunden ID</REPTEXT>
     <SCRTEXT_S>Kund. ID</SCRTEXT_S>
     <SCRTEXT_M>Kunden ID</SCRTEXT_M>
     <SCRTEXT_L>Kunden ID</SCRTEXT_L>
    </item>
   </DD04_TEXTS>
  </asx:values>
 </asx:abap>
</abapGit>
