﻿<?xml version="1.0" encoding="utf-8"?>
<abapGit version="v1.0.0" serializer="LCL_OBJECT_TABL" serializer_version="v1.0.0">
 <asx:abap xmlns:asx="http://www.sap.com/abapxml" version="1.0">
  <asx:values>
   <DD02V>
    <TABNAME>/DMO/BOOK_SUPPL_DATA</TABNAME>
    <DDLANGUAGE>E</DDLANGUAGE>
    <TABCLASS>INTTAB</TABCLASS>
    <DDTEXT>Flight Reference Scenario: Booking Supplement - Data Include</DDTEXT>
    <EXCLASS>1</EXCLASS>
   </DD02V>
   <DD03P_TABLE>
    <DD03P>
     <TABNAME>/DMO/BOOK_SUPPL_DATA</TABNAME>
     <FIELDNAME>SUPPLEMENT_ID</FIELDNAME>
     <POSITION>0001</POSITION>
     <ROLLNAME>/DMO/SUPPLEMENT_ID</ROLLNAME>
     <ADMINFIELD>0</ADMINFIELD>
     <COMPTYPE>E</COMPTYPE>
    </DD03P>
    <DD03P>
     <TABNAME>/DMO/BOOK_SUPPL_DATA</TABNAME>
     <FIELDNAME>PRICE</FIELDNAME>
     <POSITION>0002</POSITION>
     <ROLLNAME>/DMO/SUPPLEMENT_PRICE</ROLLNAME>
     <ADMINFIELD>0</ADMINFIELD>
     <REFTABLE>/DMO/BOOK_SUPPL_DATA</REFTABLE>
     <REFFIELD>CURRENCY_CODE</REFFIELD>
     <COMPTYPE>E</COMPTYPE>
    </DD03P>
    <DD03P>
     <TABNAME>/DMO/BOOK_SUPPL_DATA</TABNAME>
     <FIELDNAME>CURRENCY_CODE</FIELDNAME>
     <POSITION>0003</POSITION>
     <ROLLNAME>/DMO/CURRENCY_CODE</ROLLNAME>
     <ADMINFIELD>0</ADMINFIELD>
     <COMPTYPE>E</COMPTYPE>
    </DD03P>
   </DD03P_TABLE>
  </asx:values>
 </asx:abap>
</abapGit>
