﻿<?xml version="1.0" encoding="utf-8"?>
<abapGit version="v1.0.0" serializer="LCL_OBJECT_TABL" serializer_version="v1.0.0">
 <asx:abap xmlns:asx="http://www.sap.com/abapxml" version="1.0">
  <asx:values>
   <DD02V>
    <TABNAME>/DMO/BOOKING_DATA</TABNAME>
    <DDLANGUAGE>E</DDLANGUAGE>
    <TABCLASS>INTTAB</TABCLASS>
    <DDTEXT>Flight Reference Scenario: Booking - Data Include</DDTEXT>
    <MASTERLANG>E</MASTERLANG>
    <EXCLASS>1</EXCLASS>
   </DD02V>
   <DD03P_TABLE>
    <DD03P>
     <TABNAME>/DMO/BOOKING_DATA</TABNAME>
     <FIELDNAME>BOOKING_DATE</FIELDNAME>
     <POSITION>0001</POSITION>
     <ROLLNAME>/DMO/BOOKING_DATE</ROLLNAME>
     <ADMINFIELD>0</ADMINFIELD>
     <SHLPORIGIN>T</SHLPORIGIN>
     <COMPTYPE>E</COMPTYPE>
    </DD03P>
    <DD03P>
     <TABNAME>/DMO/BOOKING_DATA</TABNAME>
     <FIELDNAME>CUSTOMER_ID</FIELDNAME>
     <POSITION>0002</POSITION>
     <ROLLNAME>/DMO/CUSTOMER_ID</ROLLNAME>
     <ADMINFIELD>0</ADMINFIELD>
     <COMPTYPE>E</COMPTYPE>
    </DD03P>
    <DD03P>
     <TABNAME>/DMO/BOOKING_DATA</TABNAME>
     <FIELDNAME>CARRIER_ID</FIELDNAME>
     <POSITION>0003</POSITION>
     <ROLLNAME>/DMO/CARRIER_ID</ROLLNAME>
     <ADMINFIELD>0</ADMINFIELD>
     <COMPTYPE>E</COMPTYPE>
    </DD03P>
    <DD03P>
     <TABNAME>/DMO/BOOKING_DATA</TABNAME>
     <FIELDNAME>CONNECTION_ID</FIELDNAME>
     <POSITION>0004</POSITION>
     <ROLLNAME>/DMO/CONNECTION_ID</ROLLNAME>
     <ADMINFIELD>0</ADMINFIELD>
     <COMPTYPE>E</COMPTYPE>
    </DD03P>
    <DD03P>
     <TABNAME>/DMO/BOOKING_DATA</TABNAME>
     <FIELDNAME>FLIGHT_DATE</FIELDNAME>
     <POSITION>0005</POSITION>
     <ROLLNAME>/DMO/FLIGHT_DATE</ROLLNAME>
     <ADMINFIELD>0</ADMINFIELD>
     <SHLPORIGIN>T</SHLPORIGIN>
     <COMPTYPE>E</COMPTYPE>
    </DD03P>
    <DD03P>
     <TABNAME>/DMO/BOOKING_DATA</TABNAME>
     <FIELDNAME>FLIGHT_PRICE</FIELDNAME>
     <POSITION>0006</POSITION>
     <ROLLNAME>/DMO/FLIGHT_PRICE</ROLLNAME>
     <ADMINFIELD>0</ADMINFIELD>
     <REFTABLE>/DMO/BOOKING_DATA</REFTABLE>
     <REFFIELD>CURRENCY_CODE</REFFIELD>
     <COMPTYPE>E</COMPTYPE>
    </DD03P>
    <DD03P>
     <TABNAME>/DMO/BOOKING_DATA</TABNAME>
     <FIELDNAME>CURRENCY_CODE</FIELDNAME>
     <POSITION>0007</POSITION>
     <ROLLNAME>/DMO/CURRENCY_CODE</ROLLNAME>
     <ADMINFIELD>0</ADMINFIELD>
     <COMPTYPE>E</COMPTYPE>
    </DD03P>
   </DD03P_TABLE>
  </asx:values>
 </asx:abap>
</abapGit>
