﻿<?xml version="1.0" encoding="utf-8"?>
<abapGit version="v1.0.0" serializer="LCL_OBJECT_DEVC" serializer_version="v1.0.0">
 <asx:abap xmlns:asx="http://www.sap.com/abapxml" version="1.0">
  <asx:values>
   <DEVC>
    <CTEXT>Flight Reference Scenario</CTEXT>
    <COMP_POSID>BC-SRV-NWD-XBR</COMP_POSID>
    <COMPONENT>BYI3000542</COMPONENT>
    <RESTRICTED>X</RESTRICTED>
    <MAINPACK>X</MAINPACK>
   </DEVC>
   <PERMISSION>
    <SCOMPPDTLN>
     <INTF_NAME>SABP_MAIN_PUBLIC_AMDP</INTF_NAME>
     <ERR_SEVER>NONE</ERR_SEVER>
    </SCOMPPDTLN>
    <SCOMPPDTLN>
     <INTF_NAME>S_BUSINESS_LOGIC_EXTENSION</INTF_NAME>
     <ERR_SEVER>NONE</ERR_SEVER>
    </SCOMPPDTLN>
   </PERMISSION>
  </asx:values>
 </asx:abap>
</abapGit>
